{
  "top-left": {
    "letter": 85.25373134328359,
    "memo": 40.32835820895522,
    "email": 88.4776119402985,
    "filefolder": 73.24378109452736,
    "form": 81.57213930348259,
    "handwritten": 61.8905472636816,
    "invoice": 41.88059701492538,
    "advertisement": 55.90049751243781,
    "budget": 40.86567164179105,
    "news article": 48.79601990049751,
    "presentation": 94.39800995024875,
    "scientific publication": 67.5223880597015,
    "questionnaire": 71.50248756218906,
    "resume": 91.07462686567165,
    "scientific report": 4.318407960199005,
    "specification": 76.8955223880597,
    "overall": 63.995024875621894
  },
  "top-right": {
    "letter": 88.06965174129354,
    "memo": 79.8905472636816,
    "email": 97.66169154228855,
    "filefolder": 83.90049751243781,
    "form": 94.0597014925373,
    "handwritten": 84.07960199004975,
    "invoice": 84.92537313432835,
    "advertisement": 85.6915422885572,
    "budget": 89.58208955223881,
    "news article": 55.27363184079602,
    "presentation": 91.33333333333334,
    "scientific publication": 93.12437810945273,
    "questionnaire": 88.39800995024875,
    "resume": 98.91542288557214,
    "scientific report": 10.99502487562189,
    "specification": 87.94029850746269,
    "overall": 82.11504975124377
  },
  "bottom-left": {
    "letter": 87.12437810945273,
    "memo": 87.44278606965175,
    "email": 97.82089552238806,
    "filefolder": 92.90547263681592,
    "form": 95.83084577114428,
    "handwritten": 94.28855721393035,
    "invoice": 73.80099502487562,
    "advertisement": 77.363184079602,
    "budget": 74.88557213930349,
    "news article": 88.65671641791045,
    "presentation": 91.68159203980099,
    "scientific publication": 88.46766169154229,
    "questionnaire": 90.2089552238806,
    "resume": 98.5273631840796,
    "scientific report": 21.383084577114428,
    "specification": 93.08457711442786,
    "overall": 84.59203980099502
  },
  "bottom-right": {
    "letter": 98.03980099502488,
    "memo": 97.19402985074626,
    "email": 99.75124378109453,
    "filefolder": 99.40298507462686,
    "form": 99.60199004975125,
    "handwritten": 98.35820895522389,
    "invoice": 97.11442786069651,
    "advertisement": 98.84577114427861,
    "budget": 97.87064676616914,
    "news article": 99.56218905472636,
    "presentation": 99.59203980099502,
    "scientific publication": 98.87562189054727,
    "questionnaire": 98.93532338308458,
    "resume": 99.95024875621891,
    "scientific report": 80.48756218905473,
    "specification": 98.9452736318408,
    "overall": 97.65796019900498
  },
  "center": {
    "letter": 96.30845771144278,
    "memo": 45.86069651741293,
    "email": 91.4129353233831,
    "filefolder": 97.6318407960199,
    "form": 98.49751243781095,
    "handwritten": 88.44776119402985,
    "invoice": 12.28855721393035,
    "advertisement": 95.45273631840796,
    "budget": 87.06467661691542,
    "news article": 33.56218905472637,
    "presentation": 99.57213930348259,
    "scientific publication": 82.02985074626865,
    "questionnaire": 95.06467661691542,
    "resume": 99.27363184079601,
    "scientific report": 7.134328358208956,
    "specification": 97.53233830845771,
    "overall": 76.69589552238806
  },
  "random": {
    "letter": 84.04975124378109,
    "memo": 37.3134328358209,
    "email": 55.373134328358205,
    "filefolder": 78.8457711442786,
    "form": 92.88557213930349,
    "handwritten": 50.17910447761194,
    "invoice": 30.407960199004975,
    "advertisement": 82.16915422885572,
    "budget": 67.61194029850746,
    "news article": 29.353233830845774,
    "presentation": 90.31840796019901,
    "scientific publication": 64.72636815920399,
    "questionnaire": 83.72139303482587,
    "resume": 96.34825870646766,
    "scientific report": 3.27363184079602,
    "specification": 75.83084577114428,
    "overall": 63.90049751243781
  }
}