{
  "4": {
    "0": 99.8,
    "1": 98.6,
    "2": 99.6,
    "3": 93.77289377289377,
    "5": 99.2,
    "6": 100.0,
    "7": 99.4,
    "8": 99.8,
    "9": 94.6,
    "10": 93.60000000000001,
    "11": 92.2,
    "12": 95.39999999999999,
    "13": 98.6,
    "14": 99.25373134328358,
    "15": 97.76422764227642,
    "average": 97.4393901838969
  },
  "1": {
    "0": 94.6,
    "2": 90.0,
    "3": 58.60805860805861,
    "4": 18.6,
    "5": 83.2,
    "6": 85.61151079136691,
    "7": 94.39999999999999,
    "8": 91.60000000000001,
    "9": 45.4,
    "10": 83.8,
    "11": 68.60000000000001,
    "12": 86.0,
    "13": 85.8,
    "14": 94.77611940298507,
    "15": 91.869918699187,
    "average": 78.1910405001065
  },
  "9": {
    "0": 66.0,
    "1": 74.4,
    "2": 67.4,
    "3": 59.34065934065934,
    "4": 22.8,
    "5": 69.6,
    "6": 74.82014388489209,
    "7": 90.60000000000001,
    "8": 57.8,
    "10": 50.4,
    "11": 52.2,
    "12": 72.39999999999999,
    "13": 70.6,
    "14": 89.55223880597015,
    "15": 63.41463414634146,
    "average": 65.4218450785242
  },
  "14": {
    "0": 36.8,
    "1": 23.200000000000003,
    "2": 17.8,
    "3": 21.245421245421245,
    "4": 2.4,
    "5": 30.0,
    "6": 59.71223021582733,
    "7": 29.599999999999998,
    "8": 46.0,
    "9": 10.6,
    "10": 8.0,
    "11": 13.4,
    "12": 58.8,
    "13": 36.8,
    "15": 25.8130081300813,
    "average": 28.011377306088658
  }
}