{
  "top-left": {
    "letter": 98.07960199004975,
    "memo": 74.0497512437811,
    "email": 98.84577114427861,
    "filefolder": 97.04477611940298,
    "form": 98.39800995024875,
    "handwritten": 97.61194029850746,
    "invoice": 98.38805970149254,
    "advertisement": 99.64179104477611,
    "budget": 89.33333333333334,
    "news article": 94.16915422885572,
    "presentation": 97.43283582089552,
    "scientific publication": 96.76616915422885,
    "questionnaire": 89.62189054726369,
    "resume": 99.74129353233832,
    "scientific report": 13.890547263681592,
    "specification": 94.41791044776119,
    "overall": 89.83955223880596
  },
  "top-right": {
    "letter": 95.45273631840796,
    "memo": 56.77611940298507,
    "email": 96.48756218905473,
    "filefolder": 96.28855721393035,
    "form": 95.01492537313433,
    "handwritten": 90.50746268656717,
    "invoice": 97.19402985074626,
    "advertisement": 98.33830845771145,
    "budget": 86.00995024875621,
    "news article": 92.34825870646766,
    "presentation": 94.97512437810944,
    "scientific publication": 97.6318407960199,
    "questionnaire": 90.2189054726368,
    "resume": 99.22388059701493,
    "scientific report": 16.388059701492537,
    "specification": 80.7363184079602,
    "overall": 86.47450248756219
  },
  "bottom-left": {
    "letter": 95.29353233830845,
    "memo": 69.66169154228855,
    "email": 97.66169154228855,
    "filefolder": 90.61691542288557,
    "form": 99.25373134328359,
    "handwritten": 94.51741293532339,
    "invoice": 95.80099502487562,
    "advertisement": 99.45273631840796,
    "budget": 92.17910447761194,
    "news article": 94.44776119402985,
    "presentation": 95.7810945273632,
    "scientific publication": 92.61691542288557,
    "questionnaire": 79.97014925373134,
    "resume": 98.81592039800995,
    "scientific report": 10.467661691542288,
    "specification": 93.7412935323383,
    "overall": 87.51741293532338
  },
  "bottom-right": {
    "letter": 91.8407960199005,
    "memo": 77.71144278606964,
    "email": 94.94527363184079,
    "filefolder": 94.88557213930349,
    "form": 97.61194029850746,
    "handwritten": 89.3134328358209,
    "invoice": 96.10945273631842,
    "advertisement": 99.06467661691542,
    "budget": 95.45273631840796,
    "news article": 98.2089552238806,
    "presentation": 97.70149253731343,
    "scientific publication": 98.64676616915423,
    "questionnaire": 90.6766169154229,
    "resume": 96.4179104477612,
    "scientific report": 10.199004975124378,
    "specification": 88.54726368159204,
    "overall": 88.58333333333333
  },
  "center": {
    "letter": 99.53233830845771,
    "memo": 95.80099502487562,
    "email": 98.92537313432835,
    "filefolder": 98.94527363184079,
    "form": 99.8905472636816,
    "handwritten": 99.43283582089552,
    "invoice": 99.97014925373135,
    "advertisement": 99.5721393034826,
    "budget": 96.72636815920399,
    "news article": 99.44278606965175,
    "presentation": 99.95024875621891,
    "scientific publication": 99.38308457711443,
    "questionnaire": 99.27363184079601,
    "resume": 99.64179104477611,
    "scientific report": 74.46766169154229,
    "specification": 99.76119402985076,
    "overall": 97.54477611940298
  },
  "random": {
    "letter": 98.77611940298507,
    "memo": 91.8905472636816,
    "email": 98.64676616915423,
    "filefolder": 98.1094527363184,
    "form": 99.81094527363184,
    "handwritten": 98.49751243781095,
    "invoice": 99.5223880597015,
    "advertisement": 99.65174129353234,
    "budget": 94.80597014925374,
    "news article": 99.18407960199005,
    "presentation": 99.46268656716418,
    "scientific publication": 98.71641791044776,
    "questionnaire": 97.05472636815921,
    "resume": 99.7910447761194,
    "scientific report": 51.8905472636816,
    "specification": 98.02985074626865,
    "overall": 95.24004975124379
  }
}