{
  "0": {
    "1": 61.0,
    "2": 91.0,
    "3": 67.0,
    "4": 24.0,
    "5": 66.0,
    "6": 87.0,
    "7": 79.0,
    "8": 76.0,
    "9": 64.0,
    "10": 49.0,
    "11": 27.0,
    "12": 74.0,
    "13": 54.0,
    "14": 92.0,
    "15": 71.0,
    "average": 65.46666666666667
  },
  "1": {
    "0": 89.0,
    "2": 41.0,
    "3": 74.0,
    "4": 19.0,
    "5": 54.0,
    "6": 86.0,
    "7": 67.0,
    "8": 55.00000000000001,
    "9": 26.0,
    "10": 60.0,
    "11": 78.0,
    "12": 77.0,
    "13": 81.0,
    "14": 92.0,
    "15": 86.0,
    "average": 65.66666666666667
  },
  "2": {
    "0": 87.0,
    "1": 60.0,
    "3": 73.0,
    "4": 28.999999999999996,
    "5": 81.0,
    "6": 65.0,
    "7": 77.0,
    "8": 87.0,
    "9": 11.0,
    "10": 56.00000000000001,
    "11": 61.0,
    "12": 81.0,
    "13": 44.0,
    "14": 80.0,
    "15": 85.0,
    "average": 65.13333333333334
  },
  "3": {
    "0": 85.0,
    "1": 63.0,
    "2": 90.0,
    "4": 17.0,
    "5": 81.0,
    "6": 76.0,
    "7": 81.0,
    "8": 83.0,
    "9": 34.0,
    "10": 63.0,
    "11": 52.0,
    "12": 76.0,
    "13": 79.0,
    "14": 79.0,
    "15": 82.0,
    "average": 69.4
  },
  "4": {
    "0": 100.0,
    "1": 100.0,
    "2": 100.0,
    "3": 87.0,
    "5": 100.0,
    "6": 100.0,
    "7": 99.0,
    "8": 100.0,
    "9": 99.0,
    "10": 96.0,
    "11": 99.0,
    "12": 99.0,
    "13": 98.0,
    "14": 100.0,
    "15": 97.0,
    "average": 98.26666666666667
  },
  "5": {
    "0": 60.0,
    "1": 60.0,
    "2": 73.0,
    "3": 56.99999999999999,
    "4": 19.0,
    "6": 65.0,
    "7": 51.0,
    "8": 81.0,
    "9": 41.0,
    "10": 70.0,
    "11": 47.0,
    "12": 69.0,
    "13": 63.0,
    "14": 67.0,
    "15": 61.0,
    "average": 58.93333333333333
  },
  "6": {
    "0": 85.0,
    "1": 41.0,
    "2": 62.0,
    "3": 82.0,
    "4": 21.0,
    "5": 84.0,
    "7": 90.0,
    "8": 97.0,
    "9": 74.0,
    "10": 54.0,
    "11": 41.0,
    "12": 90.0,
    "13": 63.0,
    "14": 97.0,
    "15": 60.0,
    "average": 69.4
  },
  "7": {
    "0": 76.0,
    "1": 79.0,
    "2": 59.0,
    "3": 47.0,
    "4": 17.0,
    "5": 83.0,
    "6": 85.0,
    "8": 60.0,
    "9": 28.999999999999996,
    "10": 55.00000000000001,
    "11": 82.0,
    "12": 64.0,
    "13": 80.0,
    "14": 97.0,
    "15": 62.0,
    "average": 65.0
  },
  "8": {
    "0": 97.0,
    "1": 97.0,
    "2": 99.0,
    "3": 96.0,
    "4": 65.0,
    "5": 98.0,
    "6": 99.0,
    "7": 96.0,
    "9": 95.0,
    "10": 99.0,
    "11": 95.0,
    "12": 98.0,
    "13": 99.0,
    "14": 100.0,
    "15": 99.0,
    "average": 95.46666666666667
  },
  "9": {
    "0": 63.0,
    "1": 59.0,
    "2": 28.000000000000004,
    "3": 63.0,
    "4": 21.0,
    "5": 65.0,
    "6": 83.0,
    "7": 85.0,
    "8": 79.0,
    "10": 39.0,
    "11": 38.0,
    "12": 62.0,
    "13": 62.0,
    "14": 87.0,
    "15": 49.0,
    "average": 58.86666666666667
  },
  "10": {
    "0": 99.0,
    "1": 94.0,
    "2": 99.0,
    "3": 95.0,
    "4": 73.0,
    "5": 96.0,
    "6": 99.0,
    "7": 100.0,
    "8": 98.0,
    "9": 94.0,
    "11": 97.0,
    "12": 99.0,
    "13": 97.0,
    "14": 100.0,
    "15": 91.0,
    "average": 95.4
  },
  "11": {
    "0": 92.0,
    "1": 95.0,
    "2": 91.0,
    "3": 71.0,
    "4": 41.0,
    "5": 86.0,
    "6": 96.0,
    "7": 96.0,
    "8": 91.0,
    "9": 61.0,
    "10": 77.0,
    "12": 92.0,
    "13": 79.0,
    "14": 100.0,
    "15": 95.0,
    "average": 84.2
  },
  "12": {
    "0": 60.0,
    "1": 70.0,
    "2": 39.0,
    "3": 48.0,
    "4": 28.000000000000004,
    "5": 71.0,
    "6": 81.0,
    "7": 62.0,
    "8": 81.0,
    "9": 39.0,
    "10": 54.0,
    "11": 60.0,
    "13": 67.0,
    "14": 78.0,
    "15": 70.0,
    "average": 60.53333333333333
  },
  "13": {
    "0": 95.0,
    "1": 96.0,
    "2": 98.0,
    "3": 88.0,
    "4": 17.0,
    "5": 88.0,
    "6": 87.0,
    "7": 95.0,
    "8": 75.0,
    "9": 65.0,
    "10": 83.0,
    "11": 75.0,
    "12": 61.0,
    "14": 99.0,
    "15": 82.0,
    "average": 80.26666666666667
  },
  "14": {
    "0": 0.0,
    "1": 1.0,
    "2": 1.0,
    "3": 0.0,
    "4": 0.0,
    "5": 0.0,
    "6": 0.0,
    "7": 1.0,
    "8": 0.0,
    "9": 0.0,
    "10": 0.0,
    "11": 0.0,
    "12": 6.0,
    "13": 0.0,
    "15": 1.0,
    "average": 0.6666666666666666
  },
  "15": {
    "0": 86.0,
    "1": 95.0,
    "2": 95.0,
    "3": 84.0,
    "4": 36.0,
    "5": 95.0,
    "6": 98.0,
    "7": 93.0,
    "8": 97.0,
    "9": 67.0,
    "10": 85.0,
    "11": 57.99999999999999,
    "12": 92.0,
    "13": 92.0,
    "14": 99.0,
    "average": 84.8
  }
}